Informazioni cronologiche,"Quando senti parlare di Intelligenza Artificiale, cosa ti viene in mente? ",Qual √® la tua conoscenza dell'Intelligenza Artificiale? ,Come ti tieni aggiornato/a sull'AI? [Social Media],Come ti tieni aggiornato/a sull'AI? [Articoli scientifici],Come ti tieni aggiornato/a sull'AI? [Notizie],Come ti tieni aggiornato/a sull'AI? [Corsi/Formazione],Per ciascuno dei seguenti termini indica quanto conosci il suo significato [Intelligenza artificiale],Per ciascuno dei seguenti termini indica quanto conosci il suo significato [Intelligenza artificiale generativa],Per ciascuno dei seguenti termini indica quanto conosci il suo significato [Machine Learning (ML)],Per ciascuno dei seguenti termini indica quanto conosci il suo significato [Deep Learning (DL)],Per ciascuno dei seguenti termini indica quanto conosci il suo significato [Large Language Model (LLM)],Quanto pensi sia importante capire come funziona l'AI per poterla utilizzare in modo efficace? ,L'AI viene addestrata principalmente su dati creati da esseri umani. Quale pensi sia l'impatto pi√π significativo di questo processo sui risultati generati? [L'AI riproduce e amplifica i pregiudizi presenti nei dati di addestramento umani],"L'AI viene addestrata principalmente su dati creati da esseri umani. Quale pensi sia l'impatto pi√π significativo di questo processo sui risultati generati? [L'AI tende a essere pi√π conservativa, limitandosi a ricombinare pattern esistenti invece di creare vera novit√†]",L'AI viene addestrata principalmente su dati creati da esseri umani. Quale pensi sia l'impatto pi√π significativo di questo processo sui risultati generati? [L'AI rischia di perdere prospettive minoritarie poco rappresentate nei dati],L'AI viene addestrata principalmente su dati creati da esseri umani. Quale pensi sia l'impatto pi√π significativo di questo processo sui risultati generati? [L'AI potrebbe sviluppare una visione distorta della realt√† basata su contenuti online non rappresentativi],"L'AI viene addestrata principalmente su dati creati da esseri umani. Quale pensi sia l'impatto pi√π significativo di questo processo sui risultati generati? [L'AI pu√≤ rafforzare le tendenze dominanti presenti nei dati, creando un effetto ""bolla""]","Considerando che l'AI pu√≤ anche imparare dai propri output (fenomeno noto come ""AI feedback loop""), quanto ti preoccupano questi scenari? [L'AI potrebbe allontanarsi gradualmente dalla comprensione della realt√† umana]","Considerando che l'AI pu√≤ anche imparare dai propri output (fenomeno noto come ""AI feedback loop""), quanto ti preoccupano questi scenari? [I bias iniziali potrebbero venire amplificati esponenzialmente]","Considerando che l'AI pu√≤ anche imparare dai propri output (fenomeno noto come ""AI feedback loop""), quanto ti preoccupano questi scenari? [L'AI potrebbe sviluppare pattern comportamentali sempre pi√π artificiali]","Considerando che l'AI pu√≤ anche imparare dai propri output (fenomeno noto come ""AI feedback loop""), quanto ti preoccupano questi scenari? [La diversit√† dei contenuti generati potrebbe diminuire progressivamente]",Quanto pensi che l'AI attuale simuli bene il ragionamento umano?,"Con quali strumenti di AI hai interagito? [Chatbot conversazionali (es. ChatGPT per scrivere testi, rispondere a domande, aiuto nella programmazione)]","Con quali strumenti di AI hai interagito? [Generatori di immagini AI (es. DALL-E per creare arte, Midjourney per design, Photoshop AI per modificare foto)]","Con quali strumenti di AI hai interagito? [Assistenti vocali (es. Siri di Apple, Alexa di Amazon, Google Assistant per comandi vocali)]","Con quali strumenti di AI hai interagito? [Strumenti di produttivit√† (es. Gmail Smart Compose per completamento email, Grammarly per correzione testi)]","Con quali strumenti di AI hai interagito? [Sistemi di raccomandazione (es. Netflix per film consigliati, Spotify per playlist personalizzate, Amazon per prodotti)]","Per quali scopi lo hai utilizzato?  [Generazione di Testo (copywriting, scrittura di articoli, descrizioni di prodotti, email)]",Per quali scopi lo hai utilizzato?  [Assistenza Virtuale e Customer Support],Per quali scopi lo hai utilizzato?  [Traduzione],Per quali scopi lo hai utilizzato?  [Analisi e Sintesi di Testi],Per quali scopi lo hai utilizzato?  [Educazione e Formazione],Per quali scopi lo hai utilizzato?  [Generazione di Codice e Programmazione],Per quali scopi lo hai utilizzato?  [Ricerca e Sperimentazione],Per quali scopi lo hai utilizzato?  [Creativit√† e Intrattenimento],Per quali scopi lo hai utilizzato?  [Analisi Dati e Previsioni],"Per quali scopi lo hai utilizzato?  [Consulenza professionale (legale, medica, finanziaria, psicologica ecc...)]",Ti √® capitato di pagare per uno strumento AI?,"Se sei abbonato, quanto paghi mensilmente per i servizi di AI?",In cosa pensi l'AI sia particolarmente efficace?,In cosa pensi l'AI abbia ancora tanta strada da fare?,Quali ulteriori funzionalit√† vorresti vedere applicata in un AI Generativa?  ,Qual √® l'AI che maggiormente utilizzi? [ChatGPT (OpenAI)],Qual √® l'AI che maggiormente utilizzi? [Claude (Anthropic)],Qual √® l'AI che maggiormente utilizzi? [Mistral],Qual √® l'AI che maggiormente utilizzi? [Gemini (Google)],Qual √® l'AI che maggiormente utilizzi? [LLaMA (Meta)],Qual √® l'AI che maggiormente utilizzi? [Copilot (Microsoft)],"Qual √® l'AI che maggiormente utilizzi? [Grok (X, ex Twitter)]",Vantaggi AI [Ottimizzazione del tempo],Vantaggi AI [Espansione della conoscenza],Vantaggi AI [Sviluppo di competenze],Vantaggi AI [Prospettive e idee diverse/Creativit√† aumentata],Vantaggi AI [Precisione e riduzione degli errori],"Svantaggi dell'AI, quanto pensi possano impattare? [Perdita di posti di lavoro]","Svantaggi dell'AI, quanto pensi possano impattare? [Perdita della privacy]","Svantaggi dell'AI, quanto pensi possano impattare? [Concentrazione di potere]","Svantaggi dell'AI, quanto pensi possano impattare? [Bias e discriminazioni]","Svantaggi dell'AI, quanto pensi possano impattare? [Trasparenza algoritmica (Black Box)]","Svantaggi dell'AI, quanto pensi possano impattare? [Dipendenza tecnologica]","Svantaggi dell'AI, quanto pensi possano impattare? [Superintelligenza(AI con coscienza)]","Svantaggi dell'AI, quanto pensi possano impattare? [Deepfake e disinformazione]","Svantaggi dell'AI, quanto pensi possano impattare? [Relazioni umane]","Svantaggi dell'AI, quanto pensi possano impattare? [Competenze umane]","Svantaggi dell'AI, quanto pensi possano impattare? [Decisioni automatizzate]","Svantaggi dell'AI, quanto pensi possano impattare? [Impatto ambientale]","Svantaggi dell'AI, quanto pensi possano impattare? [Utilizzo militare]",Settori che beneficieranno dell'AI  [Servizio clienti e call center],Settori che beneficieranno dell'AI  [Data entry e amministrazione di base],Settori che beneficieranno dell'AI  [Giornalismo],Settori che beneficieranno dell'AI  [Settore della produzione manifatturiera],"Settori che beneficieranno dell'AI  [Trasporti e logistica (autisti, magazzinieri)]",Settori che beneficieranno dell'AI  [Sanit√† (diagnostica)],Settori che beneficieranno dell'AI  [Educazione],Settori che beneficieranno dell'AI  [Grafica e design],Settori che beneficieranno dell'AI  [Traduttori],Settori che beneficieranno dell'AI  [Pubblicit√† e marketing digitale],Settori che beneficieranno dell'AI  [Contabilit√†],Settori che beneficieranno dell'AI  [Assistenza legale e revisione contratti],Settori che beneficieranno dell'AI  [Settore retail (vendita al dettaglio)],Settori che beneficieranno dell'AI  [Risorse umane],Settori che beneficieranno dell'AI  [Produzione musicale e audio],Settori che beneficieranno dell'AI  [Programmatore],Settori che beneficieranno dell'AI  [Intrattenimento],Settori che beneficieranno dell'AI  [Sicurezza],Settori che beneficieranno dell'AI  [Finanza],Settori che beneficieranno dell'AI  [Fitness],Settori che beneficieranno dell'AI  [Caregiving],"Sul lavoro, ti faresti dare volentieri istruzioni da un'AI?",Ruoli lavorativi a rischio sostituzione [Servizio clienti e call center],Ruoli lavorativi a rischio sostituzione [Data entry e amministrazione di base],Ruoli lavorativi a rischio sostituzione [Giornalismo],Ruoli lavorativi a rischio sostituzione [Settore della produzione manifatturiera],"Ruoli lavorativi a rischio sostituzione [Trasporti e logistica (autisti, magazzinieri)]",Ruoli lavorativi a rischio sostituzione [Sanit√† (diagnostica)],Ruoli lavorativi a rischio sostituzione [Educazione],Ruoli lavorativi a rischio sostituzione [Grafica e design],Ruoli lavorativi a rischio sostituzione [Traduttori],Ruoli lavorativi a rischio sostituzione [Pubblicit√† e marketing digitale],Ruoli lavorativi a rischio sostituzione [Contabilit√†],Ruoli lavorativi a rischio sostituzione [Assistenza legale e revisione contratti],Ruoli lavorativi a rischio sostituzione [Settore retail (vendita al dettaglio)],Ruoli lavorativi a rischio sostituzione [Risorse umane],Ruoli lavorativi a rischio sostituzione [Produzione musicale e audio],Ruoli lavorativi a rischio sostituzione [Programmatore],Ruoli lavorativi a rischio sostituzione [Intrattenimento],Ruoli lavorativi a rischio sostituzione [Sicurezza],Ruoli lavorativi a rischio sostituzione [Fitness],Ruoli lavorativi a rischio sostituzione [Caregiving],Chi dovrebbe essere responsabile legalmente per gli errori commessi da un sistema AI?  [Diagnosi mediche critiche],Chi dovrebbe essere responsabile legalmente per gli errori commessi da un sistema AI?  [Guida autonoma],Chi dovrebbe essere responsabile legalmente per gli errori commessi da un sistema AI?  [Decisioni giudiziarie],Chi dovrebbe essere responsabile legalmente per gli errori commessi da un sistema AI?  [Approvazione prestiti/mutui],Chi dovrebbe essere responsabile legalmente per gli errori commessi da un sistema AI?  [Assunzioni e licenziamenti],Chi dovrebbe essere responsabile legalmente per gli errori commessi da un sistema AI?  [Valutazione studenti/esami],Quanto pensi che l'essere umano sar√† in grado di mantenere il controllo sui sistemi AI considerando il problema delle black box*?,"L'immagine sotto riportata, ritrae un calciatore molto famoso, l'immagine √® stata creata con il modello AI Grok 2 di X come descritto dal watermark** in basso a destra.
Quanto ti preoccupa il fenomeno del deepfake*** o della disinformazione?","Considerati i potenziali rischi legati all'AI, quanto dovrebbe essere intenso l‚Äôintervento delle istituzioni nel monitorarne gli sviluppi? ","Come descriveresti, in generale, la tua esperienza con questo tipo di tecnologia? Ti senti pi√π aiutato o pi√π minacciato? (Scala da 1 a 5: 1 = molto minacciato, 5 = molto aiutato) ",Et√†: ,Genere:,Livello di istruzione: ,Occupazione attuale: ,Settore di lavoro o studio(se applicabile): ,Area Geografica di residenza:
18/12/2024 18.35.16,Un procedimento informatico molto complesso,2,Mai,Occasionalmente,Frequentemente,Mai,Lo conosco in modo basilare,Lo conosco in modo basilare,Lo conosco in modo basilare,Lo conosco vagamente,Non lo conosco affatto,3,Significativo,Limitato,Massimo,Massimo,Significativo,Preoccupazione significativa,Preoccupazione moderata,Preoccupazione significativa,Preoccupazione limitata,3,Qualche volta,Raramente,Spesso,Spesso,Mai,Qualche volta,Qualche volta,Spesso,Spesso,Qualche volta,Mai,Qualche volta,Qualche volta,Qualche volta,Raramente,Mai,Non pago/Preferisco non rispondere,nella creazione di immagini fantasiose,nella introduzione di elementi di novit√†,non lo so,Raramente,Mai,Mai,Mai,Mai,Mai,Mai,Significativi,Eccezionali,Significativi,Moderati,Buoni,Impatto rilevante,Impatto moderato,Impatto grave,Impatto moderato,Impatto grave,Impatto grave,Impatto grave,Impatto critico,Impatto moderato,Impatto moderato,Impatto grave,Impatto rilevante,Impatto grave,Significativo,Significativo,Significativo,Moderato,Moderato,Buono,Significativo,Eccezionale,Significativo,Buono,Moderato,Buono,Buono,Significativo,Eccezionale,Eccezionale,Significativo,Eccezionale,Buono,Moderato,Buono,4,Rischio alto,Rischio moderato,Rischio critico,Rischio moderato,Rischio basso,Rischio basso,Rischio alto,Rischio critico,Rischio alto,Rischio basso,Rischio moderato,Rischio basso,Rischio basso,Rischio moderato,Rischio alto,Rischio critico,Rischio alto,Rischio critico,Rischio basso,Rischio minimo,Utente/Professionista che usa l'AI,Azienda sviluppatrice AI,Il governo o gli enti di regolamentazione,Azienda che usa l'AI,Azienda che usa l'AI,Azienda che usa l'AI,2,1,Dovrebbero essere obbligatori per legge su tutti i contenuti AI,4,55-64 anni,Maschile,Laurea magistrale/Master,Dipendente,Finanza / Economia,Nord Italia
19/12/2024 9.38.10,chatgpt,2,Molto frequentemente,Raramente,Molto frequentemente,Mai,Lo conosco vagamente,Non lo conosco affatto,Non lo conosco affatto,Non lo conosco affatto,Non lo conosco affatto,5,Significativo,Limitato,Moderato,Significativo,Massimo,Estremamente,Molto,Molto,Molto,3,Spesso,Mai,Spesso,Qualche volta,Sempre,Raramente,Qualche volta,Spesso,Raramente,Qualche volta,Raramente,Spesso,Spesso,Qualche volta,Qualche volta,Mai,Non pago/Preferisco non rispondere,risolvere qualsiasi genere di dubbio ,affinare le risposte ,al momento non saprei,Sempre,Mai,Mai,Mai,Mai,Mai,Mai,Eccezionali,Eccezionali,Moderati,Minimi,Significativi,Impatto critico,Impatto critico,Gravemente,Moderatamente,Moderatamente,Moderatamente,Poco,Moderatamente,Gravemente,Moderatamente,Gravemente,Gravemente,Poco,Significativo,Significativo,Buono,Significativo,Minimo,Moderato,Eccezionale,Eccezionale,Significativo,Eccezionale,Eccezionale,Significativo,Significativo,Significativo,Moderato,Eccezionale,Eccezionale,Minimo,Significativo,Eccezionale,Buono,5,Rischio alto,Rischio moderato,Rischio moderato,Rischio critico,Rischio moderato,Rischio basso,Rischio basso,Rischio alto,Rischio critico,Rischio critico,Rischio alto,Rischio moderato,Rischio moderato,Rischio moderato,Rischio alto,Rischio alto,Rischio alto,Rischio moderato,Rischio moderato,Rischio moderato,Combinazione di tutti gli autori coinvolti,Combinazione di tutti gli autori coinvolti,Combinazione di tutti gli autori coinvolti,Combinazione di tutti gli autori coinvolti,Combinazione di tutti gli autori coinvolti,Combinazione di tutti gli autori coinvolti,3,5,5,4,18-24 anni,Femminile,"Scuola secondaria superiore (Liceo, Istituto tecnico)",Studente,Educazione / Formazione,Nord Italia
19/12/2024 10.02.40,Chat GPT,3,Frequentemente,Mai,Frequentemente,Mai,Lo conosco in modo basilare,Lo conosco vagamente,Lo conosco vagamente,Non lo conosco affatto,Non lo conosco affatto,3,Limitato,Limitato,Limitato,Limitato,Moderato,Poco,Poco,Poco,Poco,4,Sempre,Qualche volta,Sempre,Mai,Sempre,Sempre,Qualche volta,Qualche volta,Qualche volta,Qualche volta,Mai,Mai,Mai,Mai,Raramente,Sono abbonato a pi√π servizi,Meno di 30‚Ç¨,Aiuto compiti quotidiani ,Foto e video,Non so,Sempre,Mai,Mai,Mai,Mai,Mai,Mai,Eccezionali,Eccezionali,Eccezionali,Eccezionali,Eccezionali,Moderatamente,Moderatamente,Moderatamente,Moderatamente,Moderatamente,Moderatamente,Moderatamente,Moderatamente,Moderatamente,Moderatamente,Moderatamente,Moderatamente,Moderatamente,Eccezionale,Eccezionale,Eccezionale,Eccezionale,Eccezionale,Eccezionale,Eccezionale,Eccezionale,Eccezionale,Eccezionale,Eccezionale,Eccezionale,Eccezionale,Eccezionale,Eccezionale,Eccezionale,Eccezionale,Eccezionale,Eccezionale,Eccezionale,Eccezionale,5,Rischio alto,Rischio moderato,Rischio moderato,Rischio moderato,Rischio alto,Rischio moderato,Rischio moderato,Rischio alto,Rischio critico,Rischio basso,Rischio basso,Rischio basso,Rischio basso,Rischio basso,Rischio basso,Rischio critico,Rischio minimo,Rischio minimo,Rischio minimo,Rischio minimo,Utente/Professionista che usa l'AI,Utente/Professionista che usa l'AI,Utente/Professionista che usa l'AI,Utente/Professionista che usa l'AI,Utente/Professionista che usa l'AI,Utente/Professionista che usa l'AI,3,3,3,5,18-24 anni,Femminile,Laurea triennale,Libero professionista,Commercio / Vendite,Estero
19/12/2024 11.54.46,Principalmente ChatGPT ,4,Frequentemente,Raramente,Occasionalmente,Raramente,Lo conosco bene,Lo conosco bene,Lo conosco in modo basilare,Lo conosco vagamente,Non lo conosco affatto,2,Limitato,Moderato,Limitato,Moderato,Significativo,Poco,Moderatamente,Moderatamente,Poco,3,Spesso,Qualche volta,Qualche volta,Raramente,Spesso,Sempre,Qualche volta,Mai,Spesso,Spesso,Raramente,Mai,Qualche volta,Mai,Mai,Mai,Non pago/Preferisco non rispondere,L‚ÄòAI √® particolarmente efficace nella sintesi di file di piccole dimensioni e ricerca di dati ,Vi sono grandi passi da fare nell‚Äôambito della generazione di immagini e nell‚Äô umanizzazione dei testi generati ,Non lo so ,Sempre,Mai,Mai,Mai,Mai,Mai,Mai,Significativi,Buoni,Moderati,Buoni,Significativi,Moderatamente,Moderatamente,Poco,Per nulla,Poco,Gravemente,Poco,Impatto critico,Moderatamente,Poco,Gravemente,Gravemente,Impatto critico,Buono,Moderato,Minimo,Buono,Minimo,Moderato,Buono,Buono,Eccezionale,Eccezionale,Significativo,Moderato,Moderato,Buono,Moderato,Significativo,Minimo,Moderato,Significativo,Minimo,Minimo,2,Rischio moderato,Rischio alto,Rischio basso,Rischio moderato,Rischio minimo,Rischio minimo,Rischio minimo,Rischio alto,Rischio critico,Rischio alto,Rischio moderato,Rischio basso,Rischio moderato,Rischio minimo,Rischio basso,Rischio alto,Rischio moderato,Rischio moderato,Rischio minimo,Rischio minimo,Combinazione di tutti gli autori coinvolti,Azienda sviluppatrice AI,Combinazione di tutti gli autori coinvolti,Utente/Professionista che usa l'AI,Azienda che usa l'AI,Utente/Professionista che usa l'AI,3,4,4,5,18-24 anni,Maschile,"Scuola secondaria superiore (Liceo, Istituto tecnico)",Studente,Ingegneria / Produzione,Nord Italia
19/12/2024 12.06.52,Uno strumento di creazione e supporto per attivit√† quotidiane e non ,2,Frequentemente,Occasionalmente,Occasionalmente,Occasionalmente,Lo conosco in modo basilare,Lo conosco in modo basilare,Lo conosco in modo basilare,Lo conosco in modo basilare,Non lo conosco affatto,5,Moderato,Limitato,Limitato,Moderato,Significativo,Moderatamente,Moderatamente,Poco,Poco,4,Qualche volta,Qualche volta,Qualche volta,Raramente,Qualche volta,Qualche volta,Qualche volta,Qualche volta,Mai,Mai,Mai,Qualche volta,Qualche volta,Raramente,Mai,Mai,Non pago/Preferisco non rispondere,Velocit√† di calcolo,Non lo so,Interazione nel sistema operativo ios ( sviluppato maggiormente),Spesso,Mai,Mai,Raramente,Mai,Mai,Mai,Significativi,Significativi,Significativi,Significativi,Significativi,Moderatamente,Poco,Poco,Poco,Moderatamente,Moderatamente,Moderatamente,Moderatamente,Poco,Poco,Moderatamente,Poco,Moderatamente,Buono,Buono,Buono,Moderato,Significativo,Significativo,Buono,Eccezionale,Eccezionale,Eccezionale,Eccezionale,Significativo,Significativo,Buono,Eccezionale,Eccezionale,Eccezionale,Eccezionale,Eccezionale,Eccezionale,Buono,5,Rischio alto,Rischio moderato,Rischio alto,Rischio moderato,Rischio alto,Rischio alto,Rischio moderato,Rischio alto,Rischio alto,Rischio alto,Rischio alto,Rischio moderato,Rischio moderato,Rischio moderato,Rischio alto,Rischio alto,Rischio moderato,Rischio moderato,Rischio moderato,Rischio moderato,Azienda sviluppatrice AI,Azienda sviluppatrice AI,Azienda sviluppatrice AI,Azienda sviluppatrice AI,Azienda sviluppatrice AI,Azienda sviluppatrice AI,2,3,3,4,18-24 anni,Maschile,Laurea triennale,Dipendente,Commercio / Vendite,Nord Italia
19/12/2024 14.46.14,Chatgpt,2,Raramente,Raramente,Raramente,Raramente,Lo conosco in modo basilare,Non lo conosco affatto,Non lo conosco affatto,Non lo conosco affatto,Non lo conosco affatto,2,Limitato,Minimo,Moderato,Limitato,Minimo,Poco,Poco,Moderatamente,Poco,2,Raramente,Raramente,Raramente,Mai,Qualche volta,Qualche volta,Mai,Qualche volta,Raramente,Raramente,Qualche volta,Raramente,Raramente,Qualche volta,Qualche volta,"Qualche volta, quando mi serve o per curiosit√†",+100‚Ç¨,I,I,I,Mai,Qualche volta,Mai,Qualche volta,Raramente,Raramente,Mai,Minimi,Moderati,Moderati,Moderati,Minimi,Per nulla,Poco,Per nulla,Poco,Poco,Poco,Per nulla,Poco,Poco,Per nulla,Poco,Per nulla,Poco,Minimo,Moderato,Minimo,Moderato,Moderato,Minimo,Minimo,Moderato,Moderato,Minimo,Minimo,Moderato,Moderato,Moderato,Moderato,Minimo,Moderato,Moderato,Moderato,Minimo,Moderato,3,Rischio moderato,Rischio basso,Rischio moderato,Rischio basso,Rischio moderato,Rischio basso,Rischio basso,Rischio moderato,Rischio basso,Rischio basso,Rischio basso,Rischio basso,Rischio basso,Rischio moderato,Rischio basso,Rischio basso,Rischio basso,Rischio basso,Rischio moderato,Rischio basso,Azienda sviluppatrice AI,Utente/Professionista che usa l'AI,Utente/Professionista che usa l'AI,Utente/Professionista che usa l'AI,Utente/Professionista che usa l'AI,Azienda sviluppatrice AI,3,1,4,5,35-44 anni,Femminile,Scuola primaria,Libero professionista,Commercio / Vendite,Nord Italia
19/12/2024 14.53.06,ChatGpt,2,Frequentemente,Raramente,Occasionalmente,Mai,Lo conosco in modo basilare,Lo conosco in modo basilare,Lo conosco vagamente,Lo conosco vagamente,Non lo conosco affatto,4,Limitato,Significativo,Limitato,Limitato,Moderato,Poco,Poco,Poco,Per nulla,3,Sempre,Spesso,Spesso,Raramente,Sempre,Spesso,Spesso,Sempre,Raramente,Raramente,Mai,Raramente,Qualche volta,Spesso,Qualche volta,Sono abbonato a un solo servizio,Meno di 30‚Ç¨,Se utilizzata bene permette di risparmiare molto tempo in molti casi,Ambito matematico ho notato che commette spesso degli errori,Non ho suggerimenti a riguardo,Sempre,Mai,Mai,Qualche volta,Mai,Qualche volta,Mai,Eccezionali,Buoni,Buoni,Moderati,Moderati,Gravemente,Poco,Moderatamente,Moderatamente,Moderatamente,Impatto critico,Impatto critico,Moderatamente,Gravemente,Gravemente,Gravemente,Impatto critico,Moderatamente,Eccezionale,Significativo,Significativo,Significativo,Significativo,Moderato,Moderato,Moderato,Eccezionale,Significativo,Eccezionale,Eccezionale,Buono,Moderato,Moderato,Significativo,Moderato,Eccezionale,Eccezionale,Moderato,Moderato,3,Rischio critico,Rischio alto,Rischio alto,Rischio moderato,Rischio alto,Rischio basso,Rischio basso,Rischio basso,Rischio critico,Rischio basso,Rischio alto,Rischio alto,Rischio basso,Rischio basso,Rischio basso,Rischio alto,Rischio minimo,Rischio alto,Rischio moderato,Rischio moderato,Azienda che usa l'AI,Azienda sviluppatrice AI,Azienda che usa l'AI,Azienda sviluppatrice AI,Azienda che usa l'AI,Azienda che usa l'AI,3,4,2,4,18-24 anni,Maschile,Laurea triennale,Libero professionista,Finanza / Economia,Nord Italia
19/12/2024 14.56.36,Chatgpt,3,Occasionalmente,Mai,Frequentemente,Raramente,Lo conosco in modo basilare,Lo conosco in modo basilare,Lo conosco in modo basilare,Lo conosco in modo basilare,Lo conosco vagamente,4,Limitato,Significativo,Significativo,Limitato,Significativo,Poco,Moderatamente,Per nulla,Molto,2,Sempre,Sempre,Sempre,Qualche volta,Spesso,Spesso,Spesso,Mai,Spesso,Spesso,Mai,Spesso,Sempre,Mai,Raramente,"Qualche volta, quando mi serve o per curiosit√†",Meno di 30‚Ç¨,Rispondere a domande ,Generazione di testo informali ,Pi√π umanit√† ,Sempre,Mai,Mai,Spesso,Mai,Mai,Mai,Significativi,Significativi,Significativi,Moderati,Moderati,Poco,Moderatamente,Poco,Poco,Poco,Moderatamente,Poco,Moderatamente,Poco,Poco,Poco,Per nulla,Gravemente,Eccezionale,Eccezionale,Buono,Minimo,Moderato,Minimo,Moderato,Buono,Moderato,Eccezionale,Significativo,Minimo,Minimo,Moderato,Minimo,Significativo,Moderato,Significativo,Moderato,Minimo,Moderato,3,Rischio critico,Rischio basso,Rischio basso,Rischio basso,Rischio basso,Rischio basso,Rischio basso,Rischio basso,Rischio basso,Rischio basso,Rischio basso,Rischio basso,Rischio basso,Rischio basso,Rischio basso,Rischio basso,Rischio minimo,Rischio basso,Rischio minimo,Rischio minimo,Utente/Professionista che usa l'AI,Il governo o gli enti di regolamentazione,Il governo o gli enti di regolamentazione,Azienda che usa l'AI,Azienda che usa l'AI,Il governo o gli enti di regolamentazione,3,5,4,4,18-24 anni,Maschile,"Scuola secondaria superiore (Liceo, Istituto tecnico)",Studente,Finanza / Economia,Nord Italia
19/12/2024 15.00.11,Chatgpt ,2,Molto frequentemente,Raramente,Frequentemente,Mai,Lo conosco in modo basilare,Non lo conosco affatto,Non lo conosco affatto,Non lo conosco affatto,Non lo conosco affatto,5,Moderato,Minimo,Limitato,Significativo,Massimo,Estremamente,Moderatamente,Molto,Moderatamente,4,Spesso,Mai,Spesso,Qualche volta,Sempre,Qualche volta,Mai,Spesso,Raramente,Mai,Mai,Mai,Raramente,Mai,Mai,Mai,Non pago/Preferisco non rispondere,A risolvere cose per cui l‚Äôuomo impiegherebbe troppo tempo ,Sostituzione del pensiero umano ,empatia,Sempre,Mai,Mai,Sempre,Mai,Mai,Mai,Eccezionali,Significativi,Minimi,Minimi,Buoni,Impatto critico,Poco,Impatto critico,Poco,Per nulla,Impatto critico,Impatto critico,Poco,Impatto critico,Impatto critico,Impatto critico,Impatto critico,Impatto critico,Significativo,Significativo,Eccezionale,Moderato,Minimo,Eccezionale,Significativo,Eccezionale,Minimo,Eccezionale,Moderato,Eccezionale,Moderato,Minimo,Eccezionale,Eccezionale,Eccezionale,Eccezionale,Eccezionale,Minimo,Minimo,2,Rischio critico,Rischio critico,Rischio critico,Rischio moderato,Rischio moderato,Rischio alto,Rischio moderato,Rischio moderato,Rischio alto,Rischio alto,Rischio alto,Rischio moderato,Rischio critico,Rischio moderato,Rischio critico,Rischio alto,Rischio alto,Rischio critico,Rischio critico,Rischio moderato,Azienda sviluppatrice AI,Azienda sviluppatrice AI,Azienda sviluppatrice AI,Azienda sviluppatrice AI,Azienda sviluppatrice AI,Azienda sviluppatrice AI,2,5,5,3,18-24 anni,Femminile,"Scuola secondaria superiore (Liceo, Istituto tecnico)",Studente,Educazione / Formazione,Nord Italia
19/12/2024 15.05.13,Futuro,3,Molto frequentemente,Raramente,Occasionalmente,Occasionalmente,Lo conosco bene,Lo conosco bene,Lo conosco bene,Lo conosco bene,Lo conosco bene,5,Significativo,Limitato,Massimo,Significativo,Moderato,Estremamente,Molto,Molto,Molto,2,Sempre,Qualche volta,Raramente,Qualche volta,Qualche volta,Qualche volta,Spesso,Spesso,Spesso,Sempre,Spesso,Sempre,Sempre,Spesso,Raramente,Mai,Non pago/Preferisco non rispondere,Tutto ci√≤ che √® scentifico,Lato umano,Pi√π precisione,Sempre,Raramente,Raramente,Raramente,Raramente,Raramente,Raramente,Eccezionali,Eccezionali,Eccezionali,Eccezionali,Eccezionali,Impatto critico,Gravemente,Moderatamente,Poco,Poco,Impatto critico,Moderatamente,Poco,Poco,Poco,Poco,Poco,Gravemente,Significativo,Eccezionale,Buono,Buono,Significativo,Significativo,Eccezionale,Significativo,Eccezionale,Significativo,Eccezionale,Eccezionale,Buono,Minimo,Significativo,Eccezionale,Eccezionale,Eccezionale,Significativo,Moderato,Moderato,3,Rischio critico,Rischio critico,Rischio moderato,Rischio minimo,Rischio minimo,Rischio moderato,Rischio moderato,Rischio moderato,Rischio critico,Rischio alto,Rischio critico,Rischio alto,Rischio basso,Rischio basso,Rischio alto,Rischio moderato,Rischio alto,Rischio alto,Rischio basso,Rischio minimo,Combinazione di tutti gli autori coinvolti,Azienda che usa l'AI,Il governo o gli enti di regolamentazione,Azienda sviluppatrice AI,Azienda che usa l'AI,Il governo o gli enti di regolamentazione,3,4,4,3,18-24 anni,Maschile,"Scuola secondaria superiore (Liceo, Istituto tecnico)",Studente,Tecnologia / IT,Nord Italia
19/12/2024 20.58.58,La possibilit√† di utilizzarla come supporto nel problem solving,3,Occasionalmente,Mai,Raramente,Mai,Lo conosco bene,Non lo conosco affatto,Lo conosco vagamente,Non lo conosco affatto,Non lo conosco affatto,3,Moderato,Moderato,Limitato,Minimo,Moderato,Poco,Poco,Per nulla,Moderatamente,4,Spesso,Spesso,Raramente,Raramente,Spesso,Spesso,Qualche volta,Raramente,Spesso,Qualche volta,Spesso,Mai,Qualche volta,Raramente,Raramente,"Qualche volta, quando mi serve o per curiosit√†",Meno di 30‚Ç¨,"Elaborazione di log con errori, problem solving e velocizazzione di alcuni task ripetitivi",A volte potrebbe escludere aspetti fondamentali oppure inventare risposte non applicabili,Tutto ci√≤ che potrebbe essere utile per delegare sempre di pi√π alcune azioni ripetitive,Spesso,Spesso,Mai,Mai,Mai,Qualche volta,Mai,Eccezionali,Moderati,Buoni,Moderati,Eccezionali,Poco,Moderatamente,Moderatamente,Per nulla,Moderatamente,Poco,Moderatamente,Gravemente,Poco,Moderatamente,Gravemente,Poco,Gravemente,Moderato,Buono,Minimo,Buono,Significativo,Buono,Significativo,Buono,Buono,Significativo,Moderato,Buono,Significativo,Significativo,Significativo,Eccezionale,Buono,Moderato,Buono,Buono,Buono,4,Rischio basso,Rischio moderato,Rischio basso,Rischio moderato,Rischio basso,Rischio minimo,Rischio minimo,Rischio basso,Rischio minimo,Rischio moderato,Rischio minimo,Rischio basso,Rischio minimo,Rischio basso,Rischio moderato,Rischio minimo,Rischio minimo,Rischio minimo,Rischio basso,Rischio minimo,Utente/Professionista che usa l'AI,Azienda sviluppatrice AI,Utente/Professionista che usa l'AI,Utente/Professionista che usa l'AI,Utente/Professionista che usa l'AI,Utente/Professionista che usa l'AI,1,4,5,5,25-34 anni,Maschile,Laurea triennale,Studente,Arte / Cultura,Nord Italia
22/12/2024 11.34.30,Comodita,1,Raramente,Raramente,Raramente,Raramente,Lo conosco vagamente,Non lo conosco affatto,Non lo conosco affatto,Non lo conosco affatto,Non lo conosco affatto,4,Minimo,Minimo,Limitato,Minimo,Minimo,Molto,Molto,Estremamente,Estremamente,2,Raramente,Mai,Spesso,Raramente,Raramente,Raramente,Mai,Raramente,Raramente,Mai,Mai,Mai,Mai,Raramente,Raramente,Mai,Non pago/Preferisco non rispondere,Gestire i dati ,Non ho idea,Non lo so,Raramente,Mai,Mai,Mai,Mai,Mai,Mai,Buoni,Moderati,Buoni,Significativi,Significativi,Moderatamente,Gravemente,Impatto critico,Poco,Moderatamente,Impatto critico,Impatto critico,Moderatamente,Gravemente,Gravemente,Impatto critico,Per nulla,Impatto critico,Eccezionale,Eccezionale,Eccezionale,Eccezionale,Moderato,Eccezionale,Minimo,Eccezionale,Eccezionale,Eccezionale,Eccezionale,Moderato,Buono,Eccezionale,Eccezionale,Eccezionale,Minimo,Buono,Significativo,Minimo,Moderato,1,Rischio critico,Rischio critico,Rischio critico,Rischio moderato,Rischio moderato,Rischio alto,Rischio moderato,Rischio alto,Rischio alto,Rischio critico,Rischio alto,Rischio moderato,Rischio moderato,Rischio critico,Rischio critico,Rischio critico,Rischio moderato,Rischio critico,Rischio moderato,Rischio alto,Combinazione di tutti gli autori coinvolti,Combinazione di tutti gli autori coinvolti,Combinazione di tutti gli autori coinvolti,Utente/Professionista che usa l'AI,Utente/Professionista che usa l'AI,Utente/Professionista che usa l'AI,2,4,4,4,55-64 anni,Maschile,"Scuola secondaria superiore (Liceo, Istituto tecnico)",Imprenditore,Costruzioni / Edile,Nord Italia
22/12/2024 13.30.59,"quando sento parlare di intelligenza artificiale mi viene immediatamente in mente chat gpt o cose del genere ma sono consapevole che √© molto pi√π di questo, per esempio mi viene in mente una guida o cose del genere, che per qualsiasi cosa ha la risposta ",3,Molto frequentemente,Occasionalmente,Raramente,Mai,Lo conosco bene,Lo conosco in modo basilare,Non lo conosco affatto,Non lo conosco affatto,Lo conosco bene,5,Moderato,Moderato,Moderato,Moderato,Moderato,Estremamente,Molto,Molto,Poco,3,Sempre,Qualche volta,Sempre,Raramente,Sempre,Qualche volta,Raramente,Sempre,Sempre,Sempre,Raramente,Sempre,Sempre,Qualche volta,Raramente,Mai,Non pago/Preferisco non rispondere,nel rispondere rapidamente alle domande ,nel risolvere problemi o nel commettere errori umani quando richiesto ,riuscire a risolvere correttamente ai problemi e fare errori umani quando richiesto,Sempre,Mai,Mai,Spesso,Mai,Qualche volta,Mai,Moderati,Buoni,Moderati,Buoni,Moderati,Gravemente,Gravemente,Moderatamente,Moderatamente,Moderatamente,Impatto critico,Impatto critico,Moderatamente,Gravemente,Gravemente,Gravemente,Poco,Impatto critico,Significativo,Buono,Significativo,Moderato,Significativo,Moderato,Significativo,Eccezionale,Eccezionale,Eccezionale,Eccezionale,Buono,Buono,Moderato,Eccezionale,Eccezionale,Eccezionale,Buono,Buono,Significativo,Buono,3,Rischio critico,Rischio moderato,Rischio moderato,Rischio basso,Rischio alto,Rischio moderato,Rischio basso,Rischio alto,Rischio critico,Rischio critico,Rischio moderato,Rischio moderato,Rischio moderato,Rischio moderato,Rischio critico,Rischio alto,Rischio alto,Rischio moderato,Rischio moderato,Rischio moderato,Utente/Professionista che usa l'AI,Utente/Professionista che usa l'AI,Utente/Professionista che usa l'AI,Utente/Professionista che usa l'AI,Azienda che usa l'AI,Azienda che usa l'AI,2,4,4,3,Meno di 18 anni,Femminile,"Scuola secondaria superiore (Liceo, Istituto tecnico)",Studente,chimica ,Nord Italia
22/12/2024 14.25.40,Chat GPT,3,Frequentemente,Occasionalmente,Molto frequentemente,Raramente,Lo conosco bene,Lo conosco bene,Lo conosco bene,Lo conosco in modo basilare,Lo conosco in modo basilare,5,Significativo,Massimo,Significativo,Moderato,Massimo,Poco,Moderatamente,Molto,Moderatamente,3,Sempre,Mai,Qualche volta,Qualche volta,Raramente,Spesso,Qualche volta,Raramente,Spesso,Sempre,Qualche volta,Raramente,Raramente,Raramente,Raramente,Mai,Non pago/Preferisco non rispondere,Fornire velocemente informazioni ad hoc o personalizzate in base alla richiesta,Diversificazione dei contenuti in output e affidabilit√† delle fonti che utilizza. ,FAQ correlate alla richiesta effettuata ,Sempre,Mai,Mai,Qualche volta,Mai,Spesso,Mai,Eccezionali,Moderati,Moderati,Buoni,Moderati,Poco,Gravemente,Moderatamente,Moderatamente,Gravemente,Impatto critico,Moderatamente,Gravemente,Poco,Moderatamente,Gravemente,Gravemente,Gravemente,Eccezionale,Significativo,Moderato,Significativo,Significativo,Buono,Significativo,Buono,Eccezionale,Buono,Buono,Buono,Moderato,Buono,Buono,Buono,Significativo,Buono,Buono,Moderato,Moderato,4,Rischio critico,Rischio moderato,Rischio basso,Rischio moderato,Rischio moderato,Rischio basso,Rischio moderato,Rischio moderato,Rischio critico,Rischio alto,Rischio basso,Rischio basso,Rischio moderato,Rischio moderato,Rischio alto,Rischio basso,Rischio basso,Rischio basso,Rischio moderato,Rischio basso,Utente/Professionista che usa l'AI,Azienda sviluppatrice AI,Il governo o gli enti di regolamentazione,Azienda che usa l'AI,Il governo o gli enti di regolamentazione,Azienda che usa l'AI,2,4,5,4,25-34 anni,Femminile,Laurea magistrale/Master,Dipendente,Ingegneria / Produzione,Nord Italia
22/12/2024 15.52.43,Chat gtp e Ai,3,Occasionalmente,Mai,Raramente,Mai,Lo conosco in modo basilare,Non lo conosco affatto,Non lo conosco affatto,Non lo conosco affatto,Non lo conosco affatto,2,Moderato,Limitato,Significativo,Massimo,Massimo,Molto,Molto,Estremamente,Molto,3,Mai,Sempre,Spesso,Qualche volta,Spesso,Mai,Raramente,Spesso,Mai,Raramente,Mai,Mai,Sempre,Mai,Mai,Mai,Non pago/Preferisco non rispondere,Nella rapidit√† di ricerca di informazioni,"Rimane troppo restrittivo, non agisce mai in modo addica e al 100% √® sempre un po‚Äô impreciso",Non saprei,Qualche volta,Mai,Mai,Sempre,Raramente,Qualche volta,Sempre,Eccezionali,Significativi,Buoni,Buoni,Moderati,Moderatamente,Impatto critico,Impatto critico,Impatto critico,Moderatamente,Impatto critico,Gravemente,Impatto critico,Poco,Per nulla,Moderatamente,Impatto critico,Impatto critico,Significativo,Eccezionale,Moderato,Minimo,Moderato,Buono,Moderato,Eccezionale,Eccezionale,Significativo,Significativo,Moderato,Moderato,Moderato,Significativo,Eccezionale,Moderato,Significativo,Significativo,Significativo,Minimo,4,Rischio critico,Rischio critico,Rischio basso,Rischio minimo,Rischio basso,Rischio moderato,Rischio minimo,Rischio critico,Rischio critico,Rischio critico,Rischio moderato,Rischio basso,Rischio basso,Rischio basso,Rischio critico,Rischio critico,Rischio moderato,Rischio alto,Rischio moderato,Rischio minimo,Combinazione di tutti gli autori coinvolti,Il governo o gli enti di regolamentazione,Utente/Professionista che usa l'AI,Il governo o gli enti di regolamentazione,Combinazione di tutti gli autori coinvolti,Combinazione di tutti gli autori coinvolti,1,3,5,3,18-24 anni,Femminile,"Scuola secondaria superiore (Liceo, Istituto tecnico)",Studente,Arte / Cultura,Nord Italia
22/12/2024 17.48.20,"Futuro, automatizzazione ",3,Frequentemente,Raramente,Occasionalmente,Raramente,Lo conosco in modo basilare,Lo conosco in modo basilare,Lo conosco in modo basilare,Lo conosco in modo basilare,Lo conosco vagamente,5,Moderato,Limitato,Limitato,Moderato,Significativo,Moderatamente,Moderatamente,Molto,Poco,3,Qualche volta,Qualche volta,Spesso,Qualche volta,Spesso,Qualche volta,Qualche volta,Qualche volta,Raramente,Raramente,Qualche volta,Raramente,Spesso,Raramente,Raramente,"Qualche volta, quando mi serve o per curiosit√†",Meno di 30‚Ç¨,Aumenta la comodit√† e aiuta in vari aspetti della vita quotidiana ,Dovrebbe avvicinarsi pi√π alla sensibilit√† umana ,Pi√π umanit√†,Raramente,Mai,Mai,Raramente,Mai,Mai,Mai,Significativi,Buoni,Buoni,Buoni,Buoni,Impatto critico,Moderatamente,Moderatamente,Moderatamente,Moderatamente,Impatto critico,Gravemente,Poco,Impatto critico,Moderatamente,Poco,Poco,Gravemente,Significativo,Buono,Moderato,Minimo,Minimo,Buono,Moderato,Significativo,Significativo,Significativo,Buono,Moderato,Minimo,Buono,Significativo,Significativo,Significativo,Significativo,Buono,Buono,Buono,2,Rischio alto,Rischio alto,Rischio basso,Rischio minimo,Rischio minimo,Rischio moderato,Rischio moderato,Rischio critico,Rischio critico,Rischio alto,Rischio moderato,Rischio basso,Rischio minimo,Rischio moderato,Rischio critico,Rischio critico,Rischio critico,Rischio moderato,Rischio moderato,Rischio moderato,Utente/Professionista che usa l'AI,Utente/Professionista che usa l'AI,Utente/Professionista che usa l'AI,Utente/Professionista che usa l'AI,Utente/Professionista che usa l'AI,Utente/Professionista che usa l'AI,3,4,4,4,25-34 anni,Femminile,"Scuola secondaria superiore (Liceo, Istituto tecnico)",Dipendente,Commercio / Vendite,Nord Italia
22/12/2024 19.18.15,Kevin,1,Mai,Mai,Mai,Mai,Lo conosco in modo basilare,Non lo conosco affatto,Non lo conosco affatto,Non lo conosco affatto,Non lo conosco affatto,5,Minimo,Limitato,Limitato,Massimo,Moderato,Molto,Per nulla,Moderatamente,Moderatamente,2,Raramente,Raramente,Spesso,Raramente,Sempre,Spesso,Mai,Raramente,Mai,Mai,Mai,Mai,Qualche volta,Mai,Mai,Mai,Non pago/Preferisco non rispondere,"Non lo so, non conosco abbastanza ","Non lo so, non conosco abbastanza ","Non lo so, non conosco abbastanza ",Mai,Mai,Mai,Mai,Mai,Mai,Mai,Buoni,Buoni,Buoni,Buoni,Buoni,Moderatamente,Moderatamente,Poco,Poco,Poco,Gravemente,Poco,Gravemente,Gravemente,Gravemente,Gravemente,Moderatamente,Gravemente,Moderato,Moderato,Significativo,Minimo,Moderato,Buono,Moderato,Significativo,Buono,Buono,Moderato,Moderato,Moderato,Buono,Significativo,Significativo,Buono,Buono,Moderato,Moderato,Moderato,3,Rischio basso,Rischio basso,Rischio moderato,Rischio minimo,Rischio minimo,Rischio minimo,Rischio minimo,Rischio moderato,Rischio moderato,Rischio basso,Rischio basso,Rischio basso,Rischio minimo,Rischio basso,Rischio moderato,Rischio moderato,Rischio basso,Rischio basso,Rischio basso,Rischio basso,Combinazione di tutti gli autori coinvolti,Combinazione di tutti gli autori coinvolti,Combinazione di tutti gli autori coinvolti,Combinazione di tutti gli autori coinvolti,Combinazione di tutti gli autori coinvolti,Combinazione di tutti gli autori coinvolti,3,5,4,3,25-34 anni,Femminile,Laurea triennale,Libero professionista,Costruzioni / Edile,Nord Italia
22/12/2024 19.22.34,L‚Äôintelligenza artificiale,3,Frequentemente,Mai,Mai,Mai,Lo conosco bene,Non lo conosco affatto,Non lo conosco affatto,Non lo conosco affatto,Non lo conosco affatto,5,Massimo,Minimo,Minimo,Minimo,Significativo,Poco,Poco,Per nulla,Per nulla,3,Spesso,Mai,Spesso,Spesso,Sempre,Spesso,Mai,Mai,Spesso,Spesso,Mai,Mai,Spesso,Spesso,Spesso,Mai,Non pago/Preferisco non rispondere,Lo trovo particolarmente efficace nella creazione di testi per le mail ,Su molte professioni non √® ancora formato al 100% se chiedi aiuto per determinati programmi ti confonde solo le idee,boh non saprei onestamente,Sempre,Mai,Mai,Mai,Mai,Mai,Mai,Eccezionali,Eccezionali,Moderati,Significativi,Significativi,Impatto critico,Impatto critico,Impatto critico,Moderatamente,Moderatamente,Impatto critico,Impatto critico,Moderatamente,Per nulla,Gravemente,Gravemente,Moderatamente,Impatto critico,Eccezionale,Eccezionale,Minimo,Significativo,Significativo,Buono,Eccezionale,Eccezionale,Eccezionale,Minimo,Buono,Buono,Minimo,Eccezionale,Eccezionale,Eccezionale,Minimo,Eccezionale,Buono,Buono,Minimo,3,Rischio critico,Rischio basso,Rischio basso,Rischio basso,Rischio basso,Rischio alto,Rischio alto,Rischio alto,Rischio alto,Rischio basso,Rischio alto,Rischio alto,Rischio minimo,Rischio critico,Rischio moderato,Rischio critico,Rischio moderato,Rischio moderato,Rischio moderato,Rischio minimo,Azienda sviluppatrice AI,Azienda sviluppatrice AI,Azienda sviluppatrice AI,Azienda sviluppatrice AI,Azienda sviluppatrice AI,Azienda sviluppatrice AI,1,5,4,3,18-24 anni,Maschile,"Scuola secondaria superiore (Liceo, Istituto tecnico)",Libero professionista,Costruzioni / Edile,Nord Italia
22/12/2024 21.50.55,Chat GPT,3,Frequentemente,Occasionalmente,Frequentemente,Raramente,Lo conosco approfonditamente,Lo conosco bene,Lo conosco in modo basilare,Lo conosco in modo basilare,Non lo conosco affatto,5,Minimo,Significativo,Moderato,Moderato,Limitato,Poco,Poco,Moderatamente,Moderatamente,4,Sempre,Qualche volta,Spesso,Raramente,Sempre,Sempre,Sempre,Sempre,Spesso,Qualche volta,Spesso,Spesso,Qualche volta,Mai,Raramente,Mai,Non pago/Preferisco non rispondere,"Generare risposte in poco tempo, elaborando e analizzando molti dati al secondo ",Deve avere pi√π inventiva ed essere pi√π creativa come un umano ,Non lo soüòÖ,Sempre,Raramente,Mai,Mai,Mai,Mai,Mai,Eccezionali,Buoni,Moderati,Minimi,Significativi,Gravemente,Gravemente,Per nulla,Poco,Per nulla,Impatto critico,Poco,Poco,Moderatamente,Moderatamente,Gravemente,Per nulla,Moderatamente,Eccezionale,Buono,Moderato,Minimo,Buono,Significativo,Buono,Buono,Eccezionale,Buono,Buono,Buono,Moderato,Moderato,Minimo,Significativo,Moderato,Moderato,Moderato,Minimo,Minimo,2,Rischio critico,Rischio moderato,Rischio basso,Rischio minimo,Rischio moderato,Rischio basso,Rischio minimo,Rischio basso,Rischio critico,Rischio moderato,Rischio basso,Rischio basso,Rischio basso,Rischio basso,Rischio minimo,Rischio moderato,Rischio basso,Rischio basso,Rischio minimo,Rischio minimo,Utente/Professionista che usa l'AI,Utente/Professionista che usa l'AI,Utente/Professionista che usa l'AI,Utente/Professionista che usa l'AI,Azienda che usa l'AI,Il governo o gli enti di regolamentazione,2,4,5,4,18-24 anni,Femminile,Laurea triennale,Studente,Ingegneria / Produzione,Nord Italia
23/12/2024 1.28.31,Un qualsiasi strumento tecnologico in grado di agire come un essere umano ,3,Occasionalmente,Mai,Frequentemente,Frequentemente,Lo conosco bene,Lo conosco bene,Lo conosco in modo basilare,Lo conosco vagamente,Lo conosco in modo basilare,4,Significativo,Significativo,Moderato,Moderato,Significativo,Moderatamente,Poco,Moderatamente,Poco,3,Spesso,Qualche volta,Qualche volta,Qualche volta,Sempre,Raramente,Spesso,Sempre,Spesso,Sempre,Sempre,Sempre,Raramente,Qualche volta,Mai,Mai,Non pago/Preferisco non rispondere,"Nel fornire risposte che diano un‚Äôidea generale su un certo argomento nel caso della generativa, sul semplificare compiti quotidiani tramite automatizzazioni come nella domotica","Nel tenere in considerazione anche la parte emotiva e pi√π irrazionale dell‚Äôuomo, anche se ci√≤ L‚Äôavvicinerebbe forse troppo pericolosamente al nostro comportamento ","Che scriva in maniera pi√π umana i testi e che generi immagini sempre pi√π realistiche, con indicazioni per√≤ che le facciano risalire a strumenti AI per evitare il fenomeno dei deepfake",Sempre,Spesso,Raramente,Raramente,Raramente,Raramente,Qualche volta,Significativi,Significativi,Buoni,Buoni,Moderati,Moderatamente,Moderatamente,Moderatamente,Moderatamente,Gravemente,Impatto critico,Impatto critico,Impatto critico,Moderatamente,Gravemente,Gravemente,Moderatamente,Moderatamente,Eccezionale,Eccezionale,Buono,Significativo,Significativo,Buono,Buono,Significativo,Significativo,Significativo,Buono,Moderato,Moderato,Significativo,Significativo,Significativo,Moderato,Significativo,Significativo,Minimo,Buono,4,Rischio critico,Rischio alto,Rischio moderato,Rischio moderato,Rischio moderato,Rischio minimo,Rischio minimo,Rischio alto,Rischio critico,Rischio moderato,Rischio basso,Rischio minimo,Rischio minimo,Rischio basso,Rischio moderato,Rischio alto,Rischio minimo,Rischio basso,Rischio minimo,Rischio minimo,Utente/Professionista che usa l'AI,Azienda sviluppatrice AI,Il governo o gli enti di regolamentazione,Combinazione di tutti gli autori coinvolti,Combinazione di tutti gli autori coinvolti,Utente/Professionista che usa l'AI,2,4,4,4,18-24 anni,Maschile,Laurea triennale,Studente,Finanza / Economia,Nord Italia
24/12/2024 19.55.17,Copiliot ,3,Raramente,Raramente,Occasionalmente,Raramente,Lo conosco bene,Lo conosco in modo basilare,Lo conosco bene,Lo conosco vagamente,Lo conosco in modo basilare,4,Minimo,Significativo,Moderato,Significativo,Moderato,Poco,Molto,Moderatamente,Molto,2,Qualche volta,Spesso,Mai,Qualche volta,Raramente,Raramente,Qualche volta,Raramente,Qualche volta,Raramente,Raramente,Qualche volta,Raramente,Raramente,Raramente,Mai,Non pago/Preferisco non rispondere,Studio,Assistenti vocali come Siri ,Non lo so,Spesso,Raramente,Raramente,Qualche volta,Spesso,Sempre,Mai,Eccezionali,Eccezionali,Eccezionali,Significativi,Significativi,Impatto critico,Gravemente,Gravemente,Impatto critico,Moderatamente,Moderatamente,Moderatamente,Impatto critico,Moderatamente,Moderatamente,Gravemente,Poco,Poco,Eccezionale,Moderato,Significativo,Moderato,Moderato,Significativo,Buono,Significativo,Buono,Significativo,Significativo,Moderato,Moderato,Buono,Buono,Eccezionale,Eccezionale,Significativo,Moderato,Moderato,Buono,2,Rischio alto,Rischio moderato,Rischio alto,Rischio basso,Rischio basso,Rischio moderato,Rischio moderato,Rischio alto,Rischio alto,Rischio alto,Rischio critico,Rischio moderato,Rischio basso,Rischio moderato,Rischio alto,Rischio critico,Rischio critico,Rischio moderato,Rischio alto,Rischio basso,Il governo o gli enti di regolamentazione,Azienda che usa l'AI,Utente/Professionista che usa l'AI,Utente/Professionista che usa l'AI,Utente/Professionista che usa l'AI,Azienda sviluppatrice AI,3,4,3,4,Meno di 18 anni,Maschile,Scuola secondaria inferiore (Medie),Studente,Costruzioni / Edile,Nord Italia
07/01/2025 21.45.06,Un insieme di tecniche algoritmi e modelli che permettono di ricavare informazioni da grosse moli di dati,4,Occasionalmente,Occasionalmente,Occasionalmente,Frequentemente,Lo conosco bene,Lo conosco in modo basilare,Lo conosco approfonditamente,Lo conosco approfonditamente,Lo conosco in modo basilare,4,Moderato,Significativo,Significativo,Moderato,Moderato,Moderatamente,Molto,Moderatamente,Moderatamente,4,Spesso,Mai,Qualche volta,Mai,Qualche volta,Qualche volta,Raramente,Raramente,Raramente,Spesso,Spesso,Qualche volta,Mai,Raramente,Mai,Mai,Non pago/Preferisco non rispondere,Nel dare spunti che devono essere capiti interpretati e approfonditi dall‚Äôumano,"Non saprei, per gli scopi per la quale la ho utilizzata, mi ha dato una mano",Non so,Spesso,Mai,Mai,Mai,Mai,Raramente,Mai,Eccezionali,Significativi,Buoni,Significativi,Significativi,Gravemente,Moderatamente,Poco,Poco,Poco,Gravemente,Poco,Moderatamente,Moderatamente,Moderatamente,Gravemente,Moderatamente,Gravemente,Significativo,Significativo,Significativo,Buono,Significativo,Significativo,Buono,Significativo,Significativo,Significativo,Significativo,Buono,Buono,Buono,Buono,Significativo,Buono,Buono,Buono,Buono,Buono,4,Rischio moderato,Rischio moderato,Rischio moderato,Rischio basso,Rischio basso,Rischio basso,Rischio basso,Rischio moderato,Rischio moderato,Rischio moderato,Rischio basso,Rischio basso,Rischio basso,Rischio basso,Rischio moderato,Rischio moderato,Rischio basso,Rischio basso,Rischio basso,Rischio basso,Combinazione di tutti gli autori coinvolti,Combinazione di tutti gli autori coinvolti,Combinazione di tutti gli autori coinvolti,Azienda che usa l'AI,Azienda che usa l'AI,Utente/Professionista che usa l'AI,3,4,5,4,18-24 anni,Maschile,Laurea magistrale/Master,Dipendente,Tecnologia / IT,Sud Italia
07/01/2025 22.03.02,Futuro,2,Occasionalmente,Mai,Frequentemente,Mai,Lo conosco in modo basilare,Lo conosco in modo basilare,Lo conosco in modo basilare,Lo conosco in modo basilare,Lo conosco vagamente,4,Significativo,Moderato,Significativo,Massimo,Significativo,Moderatamente,Moderatamente,Moderatamente,Molto,3,Spesso,Mai,Mai,Mai,Spesso,Qualche volta,Qualche volta,Qualche volta,Qualche volta,Spesso,Mai,Raramente,Qualche volta,Mai,Mai,Mai,Non pago/Preferisco non rispondere,Aiutare persone nel quotidiano,Non riesce ad essere efficiente come una persona,Non so,Spesso,Mai,Mai,Raramente,Mai,Raramente,Mai,Significativi,Significativi,Significativi,Buoni,Significativi,Moderatamente,Moderatamente,Gravemente,Moderatamente,Gravemente,Gravemente,Impatto critico,Gravemente,Moderatamente,Impatto critico,Moderatamente,Poco,Gravemente,Eccezionale,Eccezionale,Buono,Buono,Significativo,Significativo,Significativo,Eccezionale,Significativo,Eccezionale,Buono,Buono,Buono,Significativo,Significativo,Eccezionale,Buono,Moderato,Eccezionale,Buono,Moderato,3,Rischio critico,Rischio alto,Rischio alto,Rischio basso,Rischio basso,Rischio moderato,Rischio moderato,Rischio alto,Rischio critico,Rischio alto,Rischio moderato,Rischio moderato,Rischio basso,Rischio alto,Rischio alto,Rischio critico,Rischio moderato,Rischio basso,Rischio moderato,Rischio moderato,Utente/Professionista che usa l'AI,Azienda che usa l'AI,Utente/Professionista che usa l'AI,Utente/Professionista che usa l'AI,Azienda che usa l'AI,Utente/Professionista che usa l'AI,3,3,4,4,25-34 anni,Maschile,Laurea magistrale/Master,Dipendente,Ingegneria / Produzione,Nord Italia
08/01/2025 13.00.24,Chat gpt,2,Raramente,Mai,Raramente,Mai,Lo conosco in modo basilare,Non lo conosco affatto,Lo conosco in modo basilare,Non lo conosco affatto,Non lo conosco affatto,5,Significativo,Limitato,Moderato,Significativo,Massimo,Molto,Moderatamente,Molto,Poco,3,Spesso,Raramente,Spesso,Raramente,Spesso,Spesso,Raramente,Spesso,Spesso,Spesso,Spesso,Spesso,Spesso,Spesso,Spesso,Mai,Non pago/Preferisco non rispondere,"Lavoro, tutto ci√≤ che riguarda testi (scrittura, comprensione,  traduzione etc..)",Essere aggiornata il pi√π possibile,Creazioni immagini pi√π accessibile,Spesso,Mai,Mai,Mai,Mai,Mai,Mai,Significativi,Significativi,Buoni,Significativi,Significativi,Moderatamente,Moderatamente,Moderatamente,Poco,Poco,Impatto critico,Moderatamente,Moderatamente,Impatto critico,Gravemente,Gravemente,Gravemente,Gravemente,Significativo,Significativo,Significativo,Significativo,Significativo,Significativo,Significativo,Significativo,Significativo,Significativo,Significativo,Significativo,Significativo,Significativo,Significativo,Significativo,Significativo,Significativo,Significativo,Significativo,Significativo,4,Rischio alto,Rischio alto,Rischio alto,Rischio alto,Rischio basso,Rischio basso,Rischio alto,Rischio alto,Rischio alto,Rischio alto,Rischio alto,Rischio alto,Rischio alto,Rischio alto,Rischio alto,Rischio alto,Rischio alto,Rischio alto,Rischio alto,Rischio alto,Il governo o gli enti di regolamentazione,Il governo o gli enti di regolamentazione,Il governo o gli enti di regolamentazione,Il governo o gli enti di regolamentazione,Il governo o gli enti di regolamentazione,Il governo o gli enti di regolamentazione,3,5,5,3,25-34 anni,Femminile,Laurea magistrale/Master,Dipendente,Ingegneria / Produzione,Estero
08/01/2025 13.29.39,I robot,3,Occasionalmente,Mai,Occasionalmente,Mai,Lo conosco bene,Non lo conosco affatto,Lo conosco in modo basilare,Lo conosco in modo basilare,Non lo conosco affatto,5,Minimo,Massimo,Limitato,Limitato,Limitato,Poco,Poco,Poco,Poco,3,Qualche volta,Qualche volta,Sempre,Mai,Mai,Qualche volta,Mai,Qualche volta,Mai,Mai,Raramente,Mai,Raramente,Mai,Mai,Mai,Non pago/Preferisco non rispondere,In tutti le applicazioni dove pu√≤ avvenire l‚Äôerrore umano,Nell‚Äôaggiornamento dei dati a breve termine,Non so,Qualche volta,Mai,Mai,Mai,Mai,Qualche volta,Mai,Moderati,Moderati,Moderati,Moderati,Buoni,Poco,Poco,Moderatamente,Moderatamente,Poco,Moderatamente,Poco,Poco,Moderatamente,Moderatamente,Moderatamente,Moderatamente,Impatto critico,Minimo,Buono,Buono,Moderato,Moderato,Buono,Buono,Eccezionale,Significativo,Significativo,Moderato,Minimo,Minimo,Minimo,Moderato,Buono,Minimo,Moderato,Minimo,Minimo,Minimo,2,Rischio moderato,Rischio moderato,Rischio minimo,Rischio minimo,Rischio minimo,Rischio basso,Rischio basso,Rischio moderato,Rischio moderato,Rischio moderato,Rischio minimo,Rischio minimo,Rischio minimo,Rischio minimo,Rischio moderato,Rischio alto,Rischio moderato,Rischio basso,Rischio minimo,Rischio minimo,Combinazione di tutti gli autori coinvolti,Combinazione di tutti gli autori coinvolti,Combinazione di tutti gli autori coinvolti,Combinazione di tutti gli autori coinvolti,Combinazione di tutti gli autori coinvolti,Combinazione di tutti gli autori coinvolti,2,5,3,3,55-64 anni,Maschile,"Scuola secondaria superiore (Liceo, Istituto tecnico)",Dipendente,Tecnologia / IT,Centro Italia
08/01/2025 13.37.50,Un software che simula il cervello umano,3,Raramente,Occasionalmente,Frequentemente,Mai,Lo conosco in modo basilare,Lo conosco vagamente,Lo conosco vagamente,Non lo conosco affatto,Non lo conosco affatto,5,Significativo,Significativo,Significativo,Massimo,Massimo,Moderatamente,Molto,Poco,Moderatamente,3,Spesso,Qualche volta,Sempre,Mai,Sempre,Raramente,Spesso,Spesso,Raramente,Sempre,Qualche volta,Sempre,Mai,Raramente,Mai,Mai,Non pago/Preferisco non rispondere,Nel dare risposte dirette e sintetiche alle domande formulate ,Nell‚Äôemulare efficacemente il ragionamento umano,.,Spesso,Mai,Mai,Mai,Mai,Mai,Mai,Significativi,Buoni,Buoni,Eccezionali,Moderati,Gravemente,Impatto critico,Moderatamente,Moderatamente,Moderatamente,Gravemente,Moderatamente,Gravemente,Gravemente,Gravemente,Gravemente,Moderatamente,Gravemente,Significativo,Eccezionale,Buono,Moderato,Significativo,Moderato,Buono,Eccezionale,Eccezionale,Eccezionale,Significativo,Buono,Moderato,Moderato,Significativo,Eccezionale,Eccezionale,Buono,Buono,Buono,Minimo,3,Rischio critico,Rischio alto,Rischio moderato,Rischio basso,Rischio alto,Rischio basso,Rischio moderato,Rischio alto,Rischio critico,Rischio critico,Rischio moderato,Rischio basso,Rischio basso,Rischio moderato,Rischio alto,Rischio alto,Rischio critico,Rischio moderato,Rischio basso,Rischio basso,Azienda che usa l'AI,Utente/Professionista che usa l'AI,Il governo o gli enti di regolamentazione,Azienda che usa l'AI,Azienda che usa l'AI,Utente/Professionista che usa l'AI,3,4,4,5,25-34 anni,Femminile,"Scuola secondaria superiore (Liceo, Istituto tecnico)",Studente,Tecnologia / IT,Sud Italia
08/01/2025 13.43.12,Open AI,3,Molto frequentemente,Occasionalmente,Frequentemente,Occasionalmente,Lo conosco bene,Lo conosco bene,Lo conosco in modo basilare,Lo conosco in modo basilare,Lo conosco vagamente,5,Moderato,Limitato,Significativo,Massimo,Significativo,Molto,Estremamente,Moderatamente,Poco,3,Spesso,Qualche volta,Qualche volta,Mai,Raramente,Raramente,Spesso,Raramente,Spesso,Qualche volta,Mai,Mai,Sempre,Raramente,Mai,Mai,Non pago/Preferisco non rispondere,Velocit√† di analisi dei dati,Attendibilit√† e tracciabilit√† delle fonti,Non ssprei,Spesso,Mai,Mai,Qualche volta,Mai,Mai,Mai,Eccezionali,Buoni,Moderati,Significativi,Minimi,Gravemente,Impatto critico,Moderatamente,Poco,Moderatamente,Gravemente,Poco,Gravemente,Poco,Per nulla,Moderatamente,Impatto critico,Impatto critico,Eccezionale,Significativo,Buono,Buono,Moderato,Significativo,Significativo,Eccezionale,Buono,Eccezionale,Moderato,Minimo,Significativo,Moderato,Eccezionale,Eccezionale,Eccezionale,Significativo,Buono,Moderato,Moderato,5,Rischio alto,Rischio alto,Rischio moderato,Rischio moderato,Rischio moderato,Rischio minimo,Rischio minimo,Rischio basso,Rischio basso,Rischio basso,Rischio moderato,Rischio minimo,Rischio basso,Rischio minimo,Rischio moderato,Rischio moderato,Rischio moderato,Rischio minimo,Rischio minimo,Rischio minimo,Combinazione di tutti gli autori coinvolti,Utente/Professionista che usa l'AI,Il governo o gli enti di regolamentazione,Combinazione di tutti gli autori coinvolti,Azienda che usa l'AI,Il governo o gli enti di regolamentazione,3,5,5,3,25-34 anni,Maschile,Laurea magistrale/Master,Dipendente,Pubblica amministrazione,Centro Italia
08/01/2025 14.47.46,Banalmente penso subito a ChatGpt,1,Raramente,Raramente,Raramente,Raramente,Lo conosco vagamente,Lo conosco vagamente,Lo conosco vagamente,Non lo conosco affatto,Lo conosco vagamente,5,Significativo,Limitato,Significativo,Significativo,Significativo,Poco,Molto,Molto,Molto,3,Spesso,Mai,Mai,Mai,Spesso,Spesso,Mai,Raramente,Raramente,Mai,Mai,Mai,Mai,Mai,Mai,Mai,Non pago/Preferisco non rispondere,Lavorare con testi,Non saprei,Non saprei,Sempre,Mai,Mai,Mai,Mai,Mai,Mai,Buoni,Minimi,Minimi,Minimi,Minimi,Moderatamente,Impatto critico,Impatto critico,Impatto critico,Impatto critico,Impatto critico,Impatto critico,Impatto critico,Moderatamente,Moderatamente,Moderatamente,Moderatamente,Moderatamente,Moderato,Moderato,Buono,Buono,Significativo,Significativo,Buono,Significativo,Significativo,Buono,Minimo,Buono,Buono,Buono,Minimo,Significativo,Significativo,Buono,Moderato,Minimo,Minimo,2,Rischio moderato,Rischio moderato,Rischio moderato,Rischio moderato,Rischio alto,Rischio moderato,Rischio basso,Rischio alto,Rischio alto,Rischio alto,Rischio basso,Rischio alto,Rischio alto,Rischio moderato,Rischio alto,Rischio critico,Rischio alto,Rischio alto,Rischio minimo,Rischio minimo,Combinazione di tutti gli autori coinvolti,Combinazione di tutti gli autori coinvolti,Combinazione di tutti gli autori coinvolti,Combinazione di tutti gli autori coinvolti,Combinazione di tutti gli autori coinvolti,Combinazione di tutti gli autori coinvolti,1,4,4,3,25-34 anni,Maschile,Laurea triennale,Studente,Ingegneria / Produzione,Nord Italia
08/01/2025 17.09.08,automatizzazione,3,Raramente,Raramente,Frequentemente,Frequentemente,Non lo conosco affatto,Non lo conosco affatto,Lo conosco vagamente,Non lo conosco affatto,Lo conosco vagamente,4,Minimo,Limitato,Moderato,Moderato,Moderato,Poco,Moderatamente,Poco,Molto,2,Spesso,Mai,Qualche volta,Mai,Spesso,Spesso,Qualche volta,Spesso,Spesso,Qualche volta,Qualche volta,Raramente,Mai,Mai,Mai,"Qualche volta, quando mi serve o per curiosit√†",Meno di 30‚Ç¨,fare azioni meccaniche,essere uno strumento utile eticamente,essere applicata in contesti di povert√†,Spesso,Mai,Mai,Mai,Mai,Mai,Mai,Significativi,Moderati,Moderati,Significativi,Moderati,Gravemente,Gravemente,Impatto critico,Gravemente,Moderatamente,Impatto critico,Impatto critico,Impatto critico,Impatto critico,Gravemente,Poco,Impatto critico,Impatto critico,Buono,Buono,Moderato,Minimo,Buono,Significativo,Moderato,Buono,Eccezionale,Buono,Buono,Buono,Buono,Buono,Significativo,Eccezionale,Minimo,Significativo,Buono,Buono,Buono,3,Rischio alto,Rischio moderato,Rischio basso,Rischio moderato,Rischio alto,Rischio moderato,Rischio basso,Rischio moderato,Rischio alto,Rischio moderato,Rischio basso,Rischio alto,Rischio basso,Rischio moderato,Rischio moderato,Rischio moderato,Rischio moderato,Rischio basso,Rischio moderato,Rischio alto,Combinazione di tutti gli autori coinvolti,Combinazione di tutti gli autori coinvolti,Combinazione di tutti gli autori coinvolti,Combinazione di tutti gli autori coinvolti,Combinazione di tutti gli autori coinvolti,Combinazione di tutti gli autori coinvolti,1,5,5,3,25-34 anni,Femminile,Laurea triennale,Studente,Ingegneria / Produzione,Centro Italia
08/01/2025 22.07.02,Chat gpt,1,Frequentemente,Occasionalmente,Raramente,Raramente,Lo conosco bene,Non lo conosco affatto,Lo conosco vagamente,Lo conosco vagamente,Non lo conosco affatto,5,Limitato,Limitato,Moderato,Moderato,Moderato,Poco,Moderatamente,Poco,Poco,5,Spesso,Qualche volta,Qualche volta,Mai,Mai,Qualche volta,Qualche volta,Qualche volta,Mai,Mai,Mai,Mai,Mai,Mai,Qualche volta,Mai,Non pago/Preferisco non rispondere,Nel campo analisi dati e ricerca,Nella ricerca di dati nella rete internet ,Il riconoscimento vocale,Spesso,Mai,Mai,Mai,Mai,Mai,Mai,Significativi,Significativi,Moderati,Minimi,Buoni,Impatto critico,Impatto critico,Moderatamente,Poco,Moderatamente,Impatto critico,Impatto critico,Gravemente,Gravemente,Gravemente,Gravemente,Poco,Gravemente,Eccezionale,Eccezionale,Significativo,Minimo,Buono,Significativo,Eccezionale,Eccezionale,Eccezionale,Eccezionale,Buono,Significativo,Significativo,Buono,Significativo,Eccezionale,Significativo,Eccezionale,Buono,Minimo,Minimo,2,Rischio critico,Rischio critico,Rischio moderato,Rischio basso,Rischio moderato,Rischio moderato,Rischio basso,Rischio critico,Rischio critico,Rischio critico,Rischio basso,Rischio moderato,Rischio moderato,Rischio moderato,Rischio moderato,Rischio critico,Rischio critico,Rischio alto,Rischio minimo,Rischio minimo,Combinazione di tutti gli autori coinvolti,Combinazione di tutti gli autori coinvolti,Combinazione di tutti gli autori coinvolti,Combinazione di tutti gli autori coinvolti,Combinazione di tutti gli autori coinvolti,Combinazione di tutti gli autori coinvolti,3,5,5,3,25-34 anni,Femminile,"Scuola secondaria superiore (Liceo, Istituto tecnico)",Studente,Salute / Medicina,Centro Italia
09/01/2025 19.34.35,"Chatgpt, copilot",2,Occasionalmente,Raramente,Occasionalmente,Mai,Lo conosco in modo basilare,Lo conosco in modo basilare,Lo conosco vagamente,Lo conosco vagamente,Non lo conosco affatto,5,Significativo,Moderato,Massimo,Significativo,Massimo,Moderatamente,Molto,Moderatamente,Molto,2,Qualche volta,Qualche volta,Qualche volta,Mai,Raramente,Mai,Qualche volta,Mai,Mai,Mai,Mai,Raramente,Raramente,Mai,Mai,Mai,Non pago/Preferisco non rispondere,A riformulare frasi,"Realizzazione di immagini, video",Non saprei,Qualche volta,Mai,Mai,Mai,Mai,Qualche volta,Mai,Eccezionali,Significativi,Buoni,Significativi,Buoni,Impatto critico,Impatto critico,Impatto critico,Gravemente,Impatto critico,Gravemente,Moderatamente,Impatto critico,Gravemente,Gravemente,Impatto critico,Impatto critico,Impatto critico,Significativo,Significativo,Buono,Moderato,Moderato,Eccezionale,Eccezionale,Eccezionale,Eccezionale,Eccezionale,Significativo,Buono,Moderato,Moderato,Significativo,Eccezionale,Eccezionale,Buono,Buono,Buono,Moderato,3,Rischio critico,Rischio moderato,Rischio basso,Rischio alto,Rischio alto,Rischio moderato,Rischio basso,Rischio critico,Rischio alto,Rischio critico,Rischio moderato,Rischio moderato,Rischio moderato,Rischio moderato,Rischio alto,Rischio basso,Rischio alto,Rischio moderato,Rischio basso,Rischio minimo,Combinazione di tutti gli autori coinvolti,Azienda sviluppatrice AI,Combinazione di tutti gli autori coinvolti,Il governo o gli enti di regolamentazione,Il governo o gli enti di regolamentazione,Azienda che usa l'AI,3,4,5,3,25-34 anni,Femminile,Laurea magistrale/Master,Dipendente,Ingegneria / Produzione,Sud Italia
11/01/2025 17.51.08,"LLM, Generative AI, Automazione, Supporto alle Decisioni, Diagnostica Preventiva, IoT.",5,Frequentemente,Occasionalmente,Occasionalmente,Molto frequentemente,Lo conosco approfonditamente,Lo conosco bene,Lo conosco approfonditamente,Lo conosco approfonditamente,Lo conosco bene,4,Significativo,Significativo,Significativo,Significativo,Massimo,Poco,Moderatamente,Moderatamente,Estremamente,2,Sempre,Spesso,Spesso,Spesso,Spesso,Spesso,Qualche volta,Sempre,Spesso,Sempre,Sempre,Sempre,Sempre,Spesso,Raramente,"Qualche volta, quando mi serve o per curiosit√†",Non pago/Preferisco non rispondere,"Sintesi, rapidit√† di esecuzione e produzione.","Human Thinking, Efficienza energetica, Fact checking.",Al momento nessuna.,Sempre,Qualche volta,Raramente,Qualche volta,Spesso,Spesso,Spesso,Eccezionali,Buoni,Buoni,Significativi,Buoni,Moderatamente,Moderatamente,Poco,Poco,Poco,Impatto critico,Poco,Impatto critico,Poco,Gravemente,Gravemente,Impatto critico,Gravemente,Buono,Buono,Buono,Moderato,Buono,Significativo,Significativo,Buono,Significativo,Buono,Significativo,Significativo,Moderato,Significativo,Significativo,Eccezionale,Buono,Significativo,Significativo,Moderato,Moderato,2,Rischio moderato,Rischio moderato,Rischio moderato,Rischio basso,Rischio basso,Rischio moderato,Rischio basso,Rischio basso,Rischio alto,Rischio basso,Rischio basso,Rischio moderato,Rischio minimo,Rischio moderato,Rischio basso,Rischio alto,Rischio basso,Rischio alto,Rischio basso,Rischio basso,Combinazione di tutti gli autori coinvolti,Combinazione di tutti gli autori coinvolti,Combinazione di tutti gli autori coinvolti,Combinazione di tutti gli autori coinvolti,Combinazione di tutti gli autori coinvolti,Combinazione di tutti gli autori coinvolti,3,4,5,4,18-24 anni,Maschile,Laurea triennale,Studente,Ingegneria / Produzione,Sud Italia